"lhs","op","rhs","label","est","se","z","pvalue","ci.lower","ci.upper","std.lv","std.all","std.nox","exposure","N","converged"
"cog_z_composite","~","E_DII_med","c",-0.0344373528812112,0.0130118198213444,-2.64662079202178,0.00813004637707349,-0.0599400511043707,-0.00893465465805176,-0.0344373528812112,-0.0441321666150285,-0.0460695681062572,"E-DII (pro-inflammatory)",2313,TRUE
"cog_z_composite","~","age","",-0.0350722476526424,0.00195371513686333,-17.9515667309363,0,-0.0389014589569452,-0.0312430363483395,-0.0350722476526424,-0.315701361700057,-0.0469189170098633,"E-DII (pro-inflammatory)",2313,TRUE
"cog_z_composite","~","sex_binary","",0.2661686054583,0.0262367344013661,10.1448831773988,0,0.214745550959679,0.31759165995692,0.2661686054583,0.178019266856202,0.35607477552663,"E-DII (pro-inflammatory)",2313,TRUE
"cog_z_composite","~","edu_binary","",0.382070985907502,0.0287645531164565,13.2827019547512,0,0.325693497767858,0.438448474047146,0.382070985907502,0.254973863973315,0.511126548181754,"E-DII (pro-inflammatory)",2313,TRUE
"cog_z_composite","~","income_pir","",0.0849092031495262,0.00928431131769884,9.14544980710226,0,0.0667122873455788,0.103106118953474,0.0849092031495262,0.181907423680874,0.113589750374784,"E-DII (pro-inflammatory)",2313,TRUE
"cog_z_composite","~","bmi","",0.00875442687252069,0.00225377315790905,3.88434250439057,0.000102607179213621,0.00433711265369585,0.0131717410913455,0.00875442687252069,0.075112628065745,0.0117114885811936,"E-DII (pro-inflammatory)",2313,TRUE
"cog_z_composite","~","comorb_count","",-0.0701309162182248,0.0141220733427874,-4.96604956764675,6.83304969051335e-07,-0.0978096713571212,-0.0424521610793284,-0.0701309162182248,-0.0984254473690673,-0.0938196682019797,"E-DII (pro-inflammatory)",2313,TRUE
"phq9_total","~","E_DII_med","a",-0.131565655155824,0.0862528321131547,-1.52534881385951,0.127172118494181,-0.300618099662187,0.0374867893505387,-0.131565655155824,-0.0295072508964882,-0.030802618794185,"E-DII (pro-inflammatory)",2313,TRUE
"phq9_total","~","age","",-0.0553797268578661,0.0126450388117288,-4.3795616353901,1.18918284204295e-05,-0.0801635475119657,-0.0305959062037666,-0.0553797268578661,-0.0872417550745989,-0.0129656984819372,"E-DII (pro-inflammatory)",2313,TRUE
"phq9_total","~","sex_binary","",0.853166614947395,0.169736949377899,5.02640478737438,4.99760432148832e-07,0.520488307321015,1.18584492257378,0.853166614947395,0.099863034861954,0.199746400206228,"E-DII (pro-inflammatory)",2313,TRUE
"phq9_total","~","edu_binary","",-0.409613122904915,0.189235563733738,-2.16456735099358,0.0304208335671523,-0.780508012417176,-0.0387182333926546,-0.409613122904915,-0.0478394520593238,-0.0959000801766404,"E-DII (pro-inflammatory)",2313,TRUE
"phq9_total","~","income_pir","",-0.430489555607971,0.057001832771914,-7.55220551118986,4.2854608750531e-14,-0.542211094893698,-0.318768016322245,-0.430489555607971,-0.161405751264125,-0.100787744799851,"E-DII (pro-inflammatory)",2313,TRUE
"phq9_total","~","bmi","",0.0258856246692237,0.0155355482996305,1.66621893028644,0.0956698168556134,-0.00456349047813459,0.056334739816582,0.0258856246692237,0.0388691117785193,0.00606043444994127,"E-DII (pro-inflammatory)",2313,TRUE
"phq9_total","~","comorb_count","",0.769972144549884,0.101314786401114,7.59980030458239,2.97539770599542e-14,0.571398812102333,0.968545476997436,0.769972144549884,0.189118331248034,0.180268615107955,"E-DII (pro-inflammatory)",2313,TRUE
"cog_z_composite","~","phq9_total","b",-0.0167258554347813,0.00338210263747203,-4.94540149357596,7.59870880440161e-07,-0.0233546547962444,-0.0100970560733182,-0.0167258554347813,-0.0955713257031516,-0.0955713257031516,"E-DII (pro-inflammatory)",2313,TRUE
"cog_z_composite","~~","cog_z_composite","",0.38135849746068,0.0113207126720969,33.6867923872537,0,0.359170308344044,0.403546686577316,0.38135849746068,0.682499264624613,0.682499264624613,"E-DII (pro-inflammatory)",2313,TRUE
"phq9_total","~~","phq9_total","",16.2249073445823,0.850293486272273,19.0815378531394,0,14.5583627351996,17.8914519539649,16.2249073445823,0.889349452903365,0.889349452903365,"E-DII (pro-inflammatory)",2313,TRUE
"E_DII_med","~~","E_DII_med","",0.917660876847776,0,NA,NA,0.917660876847776,0.917660876847776,0.917660876847776,1,0.917660876847776,"E-DII (pro-inflammatory)",2313,TRUE
"E_DII_med","~~","age","",-0.117117683578726,0,NA,NA,-0.117117683578726,-0.117117683578726,-0.117117683578726,-0.0181699147536165,-0.117117683578726,"E-DII (pro-inflammatory)",2313,TRUE
"E_DII_med","~~","sex_binary","",0.0529684682330278,0,NA,NA,0.0529684682330278,0.0529684682330278,0.0529684682330278,0.110598823391896,0.0529684682330278,"E-DII (pro-inflammatory)",2313,TRUE
"E_DII_med","~~","edu_binary","",-0.0584551483997302,0,NA,NA,-0.0584551483997302,-0.0584551483997302,-0.0584551483997302,-0.12232477698363,-0.0584551483997302,"E-DII (pro-inflammatory)",2313,TRUE
"E_DII_med","~~","income_pir","",-0.146054751646078,0,NA,NA,-0.146054751646078,-0.146054751646078,-0.146054751646078,-0.0952057775647035,-0.146054751646078,"E-DII (pro-inflammatory)",2313,TRUE
"E_DII_med","~~","bmi","",0.419249681760277,0,NA,NA,0.419249681760277,0.419249681760277,0.419249681760277,0.068238704800293,0.419249681760277,"E-DII (pro-inflammatory)",2313,TRUE
"E_DII_med","~~","comorb_count","",0.0640535768504931,0,NA,NA,0.0640535768504931,0.0640535768504931,0.0640535768504931,0.0637365825196579,0.0640535768504931,"E-DII (pro-inflammatory)",2313,TRUE
"age","~~","age","",45.274842900958,0,NA,NA,45.274842900958,45.274842900958,45.274842900958,1,45.274842900958,"E-DII (pro-inflammatory)",2313,TRUE
"age","~~","sex_binary","",-0.0228427491822885,0,NA,NA,-0.0228427491822885,-0.0228427491822885,-0.0228427491822885,-0.00679038027268331,-0.0228427491822885,"E-DII (pro-inflammatory)",2313,TRUE
"age","~~","edu_binary","",-0.0552363948277161,0,NA,NA,-0.0552363948277161,-0.0552363948277161,-0.0552363948277161,-0.0164562024970628,-0.0552363948277161,"E-DII (pro-inflammatory)",2313,TRUE
"age","~~","income_pir","",-0.547766693601403,0,NA,NA,-0.547766693601403,-0.547766693601403,-0.547766693601403,-0.0508341853297142,-0.547766693601403,"E-DII (pro-inflammatory)",2313,TRUE
"age","~~","bmi","",-6.03972501522958,0,NA,NA,-6.03972501522958,-6.03972501522958,-6.03972501522958,-0.139954810879309,-6.03972501522958,"E-DII (pro-inflammatory)",2313,TRUE
"age","~~","comorb_count","",0.253605207805862,0,NA,NA,0.253605207805862,0.253605207805862,0.253605207805862,0.0359266056397178,0.253605207805862,"E-DII (pro-inflammatory)",2313,TRUE
"sex_binary","~~","sex_binary","",0.249949111854667,0,NA,NA,0.249949111854667,0.249949111854667,0.249949111854667,1,0.249949111854667,"E-DII (pro-inflammatory)",2313,TRUE
"sex_binary","~~","edu_binary","",-0.000566358421889901,0,NA,NA,-0.000566358421889901,-0.000566358421889901,-0.000566358421889901,-0.00227090171114767,-0.000566358421889901,"E-DII (pro-inflammatory)",2313,TRUE
"sex_binary","~~","income_pir","",-0.0633280622747532,0,NA,NA,-0.0633280622747532,-0.0633280622747532,-0.0633280622747532,-0.0790968380641537,-0.0633280622747532,"E-DII (pro-inflammatory)",2313,TRUE
"sex_binary","~~","bmi","",0.239212358052916,0,NA,NA,0.239212358052916,0.239212358052916,0.239212358052916,0.0746031138869967,0.239212358052916,"E-DII (pro-inflammatory)",2313,TRUE
"sex_binary","~~","comorb_count","",0.0178520660587005,0,NA,NA,0.0178520660587005,0.0178520660587005,0.0178520660587005,0.034036835954634,0.0178520660587005,"E-DII (pro-inflammatory)",2313,TRUE
"edu_binary","~~","edu_binary","",0.248848170895944,0,NA,NA,0.248848170895944,0.248848170895944,0.248848170895944,1,0.248848170895944,"E-DII (pro-inflammatory)",2313,TRUE
"edu_binary","~~","income_pir","",0.324626081010937,0,NA,NA,0.324626081010937,0.324626081010937,0.324626081010937,0.406354341810189,0.324626081010937,"E-DII (pro-inflammatory)",2313,TRUE
"edu_binary","~~","bmi","",-0.185969750478927,0,NA,NA,-0.185969750478927,-0.185969750478927,-0.185969750478927,-0.0581265067421638,-0.185969750478927,"E-DII (pro-inflammatory)",2313,TRUE
"edu_binary","~~","comorb_count","",-0.0641588764346112,0,NA,NA,-0.0641588764346112,-0.0641588764346112,-0.0641588764346112,-0.122595920454412,-0.0641588764346112,"E-DII (pro-inflammatory)",2313,TRUE
"income_pir","~~","income_pir","",2.56461723112788,0,NA,NA,2.56461723112788,2.56461723112788,2.56461723112788,1,2.56461723112788,"E-DII (pro-inflammatory)",2313,TRUE
"income_pir","~~","bmi","",-0.853351874749151,0,NA,NA,-0.853351874749151,-0.853351874749151,-0.853351874749151,-0.0830837348001865,-0.853351874749151,"E-DII (pro-inflammatory)",2313,TRUE
"income_pir","~~","comorb_count","",-0.275560882689227,0,NA,NA,-0.275560882689227,-0.275560882689227,-0.275560882689227,-0.164018480640039,-0.275560882689227,"E-DII (pro-inflammatory)",2313,TRUE
"bmi","~~","bmi","",41.1340731806112,0,NA,NA,41.1340731806112,41.1340731806112,41.1340731806112,1,41.1340731806112,"E-DII (pro-inflammatory)",2313,TRUE
"bmi","~~","comorb_count","",3.17143422700207,0,NA,NA,3.17143422700207,3.17143422700207,3.17143422700207,0.471347649810314,3.17143422700207,"E-DII (pro-inflammatory)",2313,TRUE
"comorb_count","~~","comorb_count","",1.10059366699134,0,NA,NA,1.10059366699134,1.10059366699134,1.10059366699134,1,1.10059366699134,"E-DII (pro-inflammatory)",2313,TRUE
"cog_z_composite","~1","","",2.01306199358515,0.171537386213302,11.7354125419748,0,1.67685489460494,2.34926909256536,2.01306199358515,2.69303209615126,2.69303209615126,"E-DII (pro-inflammatory)",2313,TRUE
"phq9_total","~1","","",6.75351864681235,1.1681917456752,5.78117305811717,7.41815320282058e-09,4.46390489825198,9.04313239537272,6.75351864681235,1.58115778886822,1.58115778886822,"E-DII (pro-inflammatory)",2313,TRUE
"E_DII_med","~1","","",4.52313663203747,0,NA,NA,4.52313663203747,4.52313663203747,4.52313663203747,4.72170226631468,4.52313663203747,"E-DII (pro-inflammatory)",2313,TRUE
"age","~1","","",69.3536532641591,0,NA,NA,69.3536532641591,69.3536532641591,69.3536532641591,10.3072038850548,69.3536532641591,"E-DII (pro-inflammatory)",2313,TRUE
"sex_binary","~1","","",0.507133592736706,0,NA,NA,0.507133592736706,0.507133592736706,0.507133592736706,1.01437042958726,0.507133592736706,"E-DII (pro-inflammatory)",2313,TRUE
"edu_binary","~1","","",0.533938607868569,0,NA,NA,0.533938607868569,0.533938607868569,0.533938607868569,1.07034577320205,0.533938607868569,"E-DII (pro-inflammatory)",2313,TRUE
"income_pir","~1","","",2.65229139645482,0,NA,NA,2.65229139645482,2.65229139645482,2.65229139645482,1.65618923927493,2.65229139645482,"E-DII (pro-inflammatory)",2313,TRUE
"bmi","~1","","",29.215261565067,0,NA,NA,29.215261565067,29.215261565067,29.215261565067,4.5552154281752,29.215261565067,"E-DII (pro-inflammatory)",2313,TRUE
"comorb_count","~1","","",1.28534370946822,0,NA,NA,1.28534370946822,1.28534370946822,1.28534370946822,1.22519656827802,1.28534370946822,"E-DII (pro-inflammatory)",2313,TRUE
"ab",":=","a*b","ab",0.00220054812831861,0.00149567498946365,1.47127427002555,0.141216958755213,-0.000730920983607468,0.00513201724024469,0.00220054812831861,0.00282004708603289,0.00294384711328908,"E-DII (pro-inflammatory)",2313,TRUE
"total",":=","c+(a*b)","total",-0.0322368047528926,0.0129542156742958,-2.48851845325209,0.012827657999678,-0.0576266009224767,-0.00684700858330857,-0.0322368047528926,-0.0413121195289956,-0.0431257209929681,"E-DII (pro-inflammatory)",2313,TRUE
"cog_z_composite","~","PNI_med","c",0.00161955529457397,0.000427412513361595,3.78920888823817,0.000151127796949924,0.000781842161843501,0.00245726842730444,0.00161955529457397,0.0682840856827205,0.00216660709092808,"PNI",2313,TRUE
"cog_z_composite","~","age","",-0.0339383527716927,0.00197301278609766,-17.2012837477946,0,-0.0378053867734811,-0.0300713187699042,-0.0339383527716927,-0.305494654633948,-0.0454020162299619,"PNI",2313,TRUE
"cog_z_composite","~","sex_binary","",0.263369439491356,0.0260114972762971,10.1251164703752,0,0.212387841645852,0.31435103733686,0.263369439491356,0.1761471246763,0.352330110029266,"PNI",2313,TRUE
"cog_z_composite","~","edu_binary","",0.390055094788671,0.0286834769105126,13.5985988032613,0,0.33383651309268,0.446273676484662,0.390055094788671,0.260302033781812,0.521807521517236,"PNI",2313,TRUE
"cog_z_composite","~","income_pir","",0.0853420386111408,0.00925419389854814,9.2219851395733,0,0.0672041518640362,0.103479925358245,0.0853420386111408,0.182834719907661,0.114168788573406,"PNI",2313,TRUE
"cog_z_composite","~","bmi","",0.00991436226805768,0.00228868868475649,4.33189639730865,1.47830504324542e-05,0.00542861487411062,0.0144001096620047,0.00991436226805768,0.0850648267891979,0.0132632258151174,"PNI",2313,TRUE
"cog_z_composite","~","comorb_count","",-0.0668276660736184,0.0142139897437477,-4.70154174010247,2.58204467606937e-06,-0.0946865740479857,-0.0389687580992511,-0.0668276660736184,-0.0937894909209418,-0.0894006494686327,"PNI",2313,TRUE
"phq9_total","~","PNI_med","a",-0.0106143637268176,0.00298587921426593,-3.55485368467162,0.000378189482103997,-0.0164665794489656,-0.00476214800466967,-0.0106143637268176,-0.078321034028356,-0.00248507256116921,"PNI",2313,TRUE
"phq9_total","~","age","",-0.061518718404,0.0126991832512234,-4.84430511687228,1.27055556475852e-06,-0.0864086602094721,-0.036628776598528,-0.061518718404,-0.0969127380725364,-0.0144029810018496,"PNI",2313,TRUE
"phq9_total","~","sex_binary","",0.794059561606675,0.168044901764408,4.72528207204949,2.2979615632579e-06,0.464697606362864,1.12342151685049,0.794059561606675,0.0929445624030713,0.185908046800505,"PNI",2313,TRUE
"phq9_total","~","edu_binary","",-0.389523336209588,0.187035919873019,-2.08261245473083,0.0372865630285588,-0.756107002976025,-0.0229396694431505,-0.389523336209588,-0.0454931298011957,-0.0911965879126469,"PNI",2313,TRUE
"phq9_total","~","income_pir","",-0.421424810829286,0.0569147695100549,-7.40448945778187,1.31672450720544e-13,-0.532975709257392,-0.309873912401181,-0.421424810829286,-0.158007058027642,-0.0986654745344564,"PNI",2313,TRUE
"phq9_total","~","bmi","",0.0160763385040728,0.0157148882683271,1.02300049669931,0.306307610969549,-0.0147242765229194,0.0468769535310651,0.0160763385040728,0.0241397689369673,0.00376384950890668,"PNI",2313,TRUE
"phq9_total","~","comorb_count","",0.734300362361414,0.101118976016279,7.26174642278025,3.82138765075979e-13,0.536110811215938,0.93248991350689,0.734300362361414,0.180356731276037,0.171917010677762,"PNI",2313,TRUE
"cog_z_composite","~","phq9_total","b",-0.0155062779141187,0.00340057028175636,-4.55990514217806,5.11767326161205e-06,-0.0221712731932584,-0.00884128263497902,-0.0155062779141187,-0.0886026752265302,-0.0886026752265302,"PNI",2313,TRUE
"cog_z_composite","~~","cog_z_composite","",0.380018307343308,0.0112198923802916,33.8700492360188,0,0.358027722367521,0.402008892319094,0.380018307343308,0.680100789762627,0.680100789762627,"PNI",2313,TRUE
"phq9_total","~~","phq9_total","",16.1368524649187,0.84137150078128,19.179223981243,0,14.487794625769,17.7859103040685,16.1368524649187,0.88452282693928,0.88452282693928,"PNI",2313,TRUE
"PNI_med","~~","PNI_med","",993.295977829956,0,NA,NA,993.295977829956,993.295977829956,993.295977829956,1,993.295977829956,"PNI",2313,TRUE
"PNI_med","~~","age","",-23.3529387860035,0,NA,NA,-23.3529387860035,-23.3529387860035,-23.3529387860035,-0.11012190774427,-23.3529387860035,"PNI",2313,TRUE
"PNI_med","~~","sex_binary","",-1.05832448692689,0,NA,NA,-1.05832448692689,-1.05832448692689,-1.05832448692689,-0.0671666529881722,-1.05832448692689,"PNI",2313,TRUE
"PNI_med","~~","edu_binary","",0.446256881301565,0,NA,NA,0.446256881301565,0.446256881301565,0.446256881301565,0.028384311293036,0.446256881301565,"PNI",2313,TRUE
"PNI_med","~~","income_pir","",3.37842870232043,0,NA,NA,3.37842870232043,3.37842870232043,3.37842870232043,0.0669366759591581,3.37842870232043,"PNI",2313,TRUE
"PNI_med","~~","bmi","",-42.395435546794,0,NA,NA,-42.395435546794,-42.395435546794,-42.395435546794,-0.209738860750408,-42.395435546794,"PNI",2313,TRUE
"PNI_med","~~","comorb_count","",-6.43856616103778,0,NA,NA,-6.43856616103778,-6.43856616103778,-6.43856616103778,-0.194731549491312,-6.43856616103778,"PNI",2313,TRUE
"age","~~","age","",45.274842900958,0,NA,NA,45.274842900958,45.274842900958,45.274842900958,1,45.274842900958,"PNI",2313,TRUE
"age","~~","sex_binary","",-0.0228427491822885,0,NA,NA,-0.0228427491822885,-0.0228427491822885,-0.0228427491822885,-0.00679038027268331,-0.0228427491822885,"PNI",2313,TRUE
"age","~~","edu_binary","",-0.0552363948277161,0,NA,NA,-0.0552363948277161,-0.0552363948277161,-0.0552363948277161,-0.0164562024970628,-0.0552363948277161,"PNI",2313,TRUE
"age","~~","income_pir","",-0.547766693601403,0,NA,NA,-0.547766693601403,-0.547766693601403,-0.547766693601403,-0.0508341853297142,-0.547766693601403,"PNI",2313,TRUE
"age","~~","bmi","",-6.03972501522958,0,NA,NA,-6.03972501522958,-6.03972501522958,-6.03972501522958,-0.139954810879309,-6.03972501522958,"PNI",2313,TRUE
"age","~~","comorb_count","",0.253605207805862,0,NA,NA,0.253605207805862,0.253605207805862,0.253605207805862,0.0359266056397178,0.253605207805862,"PNI",2313,TRUE
"sex_binary","~~","sex_binary","",0.249949111854667,0,NA,NA,0.249949111854667,0.249949111854667,0.249949111854667,1,0.249949111854667,"PNI",2313,TRUE
"sex_binary","~~","edu_binary","",-0.000566358421889901,0,NA,NA,-0.000566358421889901,-0.000566358421889901,-0.000566358421889901,-0.00227090171114767,-0.000566358421889901,"PNI",2313,TRUE
"sex_binary","~~","income_pir","",-0.0633280622747532,0,NA,NA,-0.0633280622747532,-0.0633280622747532,-0.0633280622747532,-0.0790968380641537,-0.0633280622747532,"PNI",2313,TRUE
"sex_binary","~~","bmi","",0.239212358052916,0,NA,NA,0.239212358052916,0.239212358052916,0.239212358052916,0.0746031138869967,0.239212358052916,"PNI",2313,TRUE
"sex_binary","~~","comorb_count","",0.0178520660587005,0,NA,NA,0.0178520660587005,0.0178520660587005,0.0178520660587005,0.034036835954634,0.0178520660587005,"PNI",2313,TRUE
"edu_binary","~~","edu_binary","",0.248848170895944,0,NA,NA,0.248848170895944,0.248848170895944,0.248848170895944,1,0.248848170895944,"PNI",2313,TRUE
"edu_binary","~~","income_pir","",0.324626081010937,0,NA,NA,0.324626081010937,0.324626081010937,0.324626081010937,0.406354341810189,0.324626081010937,"PNI",2313,TRUE
"edu_binary","~~","bmi","",-0.185969750478927,0,NA,NA,-0.185969750478927,-0.185969750478927,-0.185969750478927,-0.0581265067421638,-0.185969750478927,"PNI",2313,TRUE
"edu_binary","~~","comorb_count","",-0.0641588764346112,0,NA,NA,-0.0641588764346112,-0.0641588764346112,-0.0641588764346112,-0.122595920454412,-0.0641588764346112,"PNI",2313,TRUE
"income_pir","~~","income_pir","",2.56461723112788,0,NA,NA,2.56461723112788,2.56461723112788,2.56461723112788,1,2.56461723112788,"PNI",2313,TRUE
"income_pir","~~","bmi","",-0.853351874749151,0,NA,NA,-0.853351874749151,-0.853351874749151,-0.853351874749151,-0.0830837348001865,-0.853351874749151,"PNI",2313,TRUE
"income_pir","~~","comorb_count","",-0.275560882689227,0,NA,NA,-0.275560882689227,-0.275560882689227,-0.275560882689227,-0.164018480640039,-0.275560882689227,"PNI",2313,TRUE
"bmi","~~","bmi","",41.1340731806112,0,NA,NA,41.1340731806112,41.1340731806112,41.1340731806112,1,41.1340731806112,"PNI",2313,TRUE
"bmi","~~","comorb_count","",3.17143422700207,0,NA,NA,3.17143422700207,3.17143422700207,3.17143422700207,0.471347649810314,3.17143422700207,"PNI",2313,TRUE
"comorb_count","~~","comorb_count","",1.10059366699134,0,NA,NA,1.10059366699134,1.10059366699134,1.10059366699134,1,1.10059366699134,"PNI",2313,TRUE
"cog_z_composite","~1","","",1.03795080923555,0.269007030522099,3.85845235056145,0.00011410730832373,0.510706717824167,1.56519490064693,1.03795080923555,1.38854881389885,1.38854881389885,"PNI",2313,TRUE
"phq9_total","~1","","",11.4651802081285,1.85329105484085,6.18638943849709,6.15578255036553e-10,7.83279648777024,15.0975639284869,11.4651802081285,2.68426873973564,2.68426873973564,"PNI",2313,TRUE
"PNI_med","~1","","",428.980214440121,0,NA,NA,428.980214440121,428.980214440121,428.980214440121,13.6112472647344,428.980214440121,"PNI",2313,TRUE
"age","~1","","",69.3536532641591,0,NA,NA,69.3536532641591,69.3536532641591,69.3536532641591,10.3072038850548,69.3536532641591,"PNI",2313,TRUE
"sex_binary","~1","","",0.507133592736706,0,NA,NA,0.507133592736706,0.507133592736706,0.507133592736706,1.01437042958726,0.507133592736706,"PNI",2313,TRUE
"edu_binary","~1","","",0.533938607868569,0,NA,NA,0.533938607868569,0.533938607868569,0.533938607868569,1.07034577320205,0.533938607868569,"PNI",2313,TRUE
"income_pir","~1","","",2.65229139645482,0,NA,NA,2.65229139645482,2.65229139645482,2.65229139645482,1.65618923927493,2.65229139645482,"PNI",2313,TRUE
"bmi","~1","","",29.215261565067,0,NA,NA,29.215261565067,29.215261565067,29.215261565067,4.5552154281752,29.215261565067,"PNI",2313,TRUE
"comorb_count","~1","","",1.28534370946822,0,NA,NA,1.28534370946822,1.28534370946822,1.28534370946822,1.22519656827802,1.28534370946822,"PNI",2313,TRUE
"ab",":=","a*b","ab",0.000164589273829575,5.78641787010592e-05,2.84440698069672,0.0044494175363301,5.11775675805095e-05,0.000278000980078641,0.000164589273829575,0.00693945314142044,0.000220184077051637,"PNI",2313,TRUE
"total",":=","c+(a*b)","total",0.00178414456840355,0.000426230908650324,4.18586388784686,2.84083553885317e-05,0.000948747338351129,0.00261954179845596,0.00178414456840355,0.0752235388241409,0.00238679116797972,"PNI",2313,TRUE
"cog_z_composite","~","CONUT_med","c",0.0282104443832985,0.0122917687130069,2.29506794684859,0.0217292306586627,0.00411902039950873,0.0523018683670882,0.0282104443832985,0.0408419811158654,0.0377393405732188,"CONUT (reversed)",2313,TRUE
"cog_z_composite","~","age","",-0.0339865531322126,0.00201944297455385,-16.8296671708302,0,-0.0379445886311706,-0.0300285176332546,-0.0339865531322126,-0.305928528151302,-0.0454664976609064,"CONUT (reversed)",2313,TRUE
"cog_z_composite","~","sex_binary","",0.245026963647623,0.0268150038373051,9.13768146871344,0,0.192470521881202,0.297583405414044,0.245026963647623,0.163879283784973,0.327791930714639,"CONUT (reversed)",2313,TRUE
"cog_z_composite","~","edu_binary","",0.391718655920935,0.0288730992351284,13.566907131478,0,0.335128421298032,0.448308890543837,0.391718655920935,0.261412206041665,0.524032998694478,"CONUT (reversed)",2313,TRUE
"cog_z_composite","~","income_pir","",0.0859167476873902,0.00926637692747186,9.27188137929878,0,0.0677549826423724,0.104078512732408,0.0859167476873902,0.184065962735867,0.114937622316838,"CONUT (reversed)",2313,TRUE
"cog_z_composite","~","bmi","",0.00833953431368497,0.00225737793030417,3.69434563957186,0.000220453764374184,0.00391515487079323,0.0127639137565767,0.00833953431368497,0.0715528667115332,0.0111564540214238,"CONUT (reversed)",2313,TRUE
"cog_z_composite","~","comorb_count","",-0.0675197707203638,0.0141722705137114,-4.76421690194524,1.89588484356129e-06,-0.0952969105063971,-0.0397426309343306,-0.0675197707203638,-0.0947608272894866,-0.090326532543034,"CONUT (reversed)",2313,TRUE
"phq9_total","~","CONUT_med","a",-0.0793227952319215,0.0776528289671753,-1.02150554315867,0.307014984205751,-0.231519543305234,0.0728739528413908,-0.0793227952319215,-0.0200981281481655,-0.0185713347478429,"CONUT (reversed)",2313,TRUE
"phq9_total","~","age","",-0.0578272298616202,0.0128693323892213,-4.49341334209796,7.00905510053751e-06,-0.0830506578495686,-0.0326038018736717,-0.0578272298616202,-0.091097398099814,-0.0135387165840625,"CONUT (reversed)",2313,TRUE
"phq9_total","~","sex_binary","",0.866416857954537,0.174588160543071,4.96263237586945,6.95441368714356e-07,0.524230351163022,1.20860336474605,0.866416857954537,0.101413973982366,0.202848594192918,"CONUT (reversed)",2313,TRUE
"phq9_total","~","edu_binary","",-0.391986117440472,0.187575406466381,-2.08975219526301,0.036640065655182,-0.75962715850004,-0.0243450763809026,-0.391986117440472,-0.0457807624429234,-0.0917731830076094,"CONUT (reversed)",2313,TRUE
"phq9_total","~","income_pir","",-0.427428853891311,0.0571432170846495,-7.47995782698297,7.43849426498855e-14,-0.539427501337978,-0.315430206444644,-0.427428853891311,-0.16025818600142,-0.100071162435637,"CONUT (reversed)",2313,TRUE
"phq9_total","~","bmi","",0.0257420696342466,0.0155073770756633,1.65998863048511,0.0969167397914561,-0.00465183092873558,0.0561359701972289,0.0257420696342466,0.038653553654186,0.00602682483493082,"CONUT (reversed)",2313,TRUE
"phq9_total","~","comorb_count","",0.756743335481981,0.103025863503225,7.34517828582233,2.05391259555654e-13,0.554816353539521,0.958670317424441,0.756743335481981,0.185869109424843,0.1771714393113,"CONUT (reversed)",2313,TRUE
"cog_z_composite","~","phq9_total","b",-0.0163356204604788,0.00339805792771097,-4.8073401948986,1.52951592924389e-06,-0.0229956916161731,-0.00967554930478447,-0.0163356204604788,-0.0933415280120706,-0.0933415280120706,"CONUT (reversed)",2313,TRUE
"cog_z_composite","~~","cog_z_composite","",0.381588733462148,0.0113410974035111,33.6465440587798,0,0.359360591006106,0.403816875918191,0.381588733462148,0.682911307106263,0.682911307106263,"CONUT (reversed)",2313,TRUE
"phq9_total","~~","phq9_total","",16.2337799037224,0.849360051564536,19.1129543634876,0,14.5690647927489,17.898495014696,16.2337799037224,0.889835791928271,0.889835791928271,"CONUT (reversed)",2313,TRUE
"CONUT_med","~~","CONUT_med","",1.17118360872745,0,NA,NA,1.17118360872745,1.17118360872745,1.17118360872745,1,1.17118360872745,"CONUT (reversed)",2313,TRUE
"CONUT_med","~~","age","",-1.6597967203175,0,NA,NA,-1.6597967203175,-1.6597967203175,-1.6597967203175,-0.227936530419899,-1.6597967203175,"CONUT (reversed)",2313,TRUE
"CONUT_med","~~","sex_binary","",0.124331374630395,0,NA,NA,0.124331374630395,0.124331374630395,0.124331374630395,0.229795988779775,0.124331374630395,"CONUT (reversed)",2313,TRUE
"CONUT_med","~~","edu_binary","",-0.0164836469145895,0,NA,NA,-0.0164836469145895,-0.0164836469145895,-0.0164836469145895,-0.0305332886903137,-0.0164836469145895,"CONUT (reversed)",2313,TRUE
"CONUT_med","~~","income_pir","",-0.0173302181750969,0,NA,NA,-0.0173302181750969,-0.0173302181750969,-0.0173302181750969,-0.00999954546781532,-0.0173302181750969,"CONUT (reversed)",2313,TRUE
"CONUT_med","~~","bmi","",0.244084685350543,0,NA,NA,0.244084685350543,0.244084685350543,0.244084685350543,0.0351663407756333,0.244084685350543,"CONUT (reversed)",2313,TRUE
"CONUT_med","~~","comorb_count","",-0.112780466578405,0,NA,NA,-0.112780466578405,-0.112780466578405,-0.112780466578405,-0.0993362793488321,-0.112780466578405,"CONUT (reversed)",2313,TRUE
"age","~~","age","",45.274842900958,0,NA,NA,45.274842900958,45.274842900958,45.274842900958,1,45.274842900958,"CONUT (reversed)",2313,TRUE
"age","~~","sex_binary","",-0.0228427491822885,0,NA,NA,-0.0228427491822885,-0.0228427491822885,-0.0228427491822885,-0.00679038027268331,-0.0228427491822885,"CONUT (reversed)",2313,TRUE
"age","~~","edu_binary","",-0.0552363948277161,0,NA,NA,-0.0552363948277161,-0.0552363948277161,-0.0552363948277161,-0.0164562024970628,-0.0552363948277161,"CONUT (reversed)",2313,TRUE
"age","~~","income_pir","",-0.547766693601403,0,NA,NA,-0.547766693601403,-0.547766693601403,-0.547766693601403,-0.0508341853297142,-0.547766693601403,"CONUT (reversed)",2313,TRUE
"age","~~","bmi","",-6.03972501522958,0,NA,NA,-6.03972501522958,-6.03972501522958,-6.03972501522958,-0.139954810879309,-6.03972501522958,"CONUT (reversed)",2313,TRUE
"age","~~","comorb_count","",0.253605207805862,0,NA,NA,0.253605207805862,0.253605207805862,0.253605207805862,0.0359266056397178,0.253605207805862,"CONUT (reversed)",2313,TRUE
"sex_binary","~~","sex_binary","",0.249949111854667,0,NA,NA,0.249949111854667,0.249949111854667,0.249949111854667,1,0.249949111854667,"CONUT (reversed)",2313,TRUE
"sex_binary","~~","edu_binary","",-0.000566358421889901,0,NA,NA,-0.000566358421889901,-0.000566358421889901,-0.000566358421889901,-0.00227090171114767,-0.000566358421889901,"CONUT (reversed)",2313,TRUE
"sex_binary","~~","income_pir","",-0.0633280622747532,0,NA,NA,-0.0633280622747532,-0.0633280622747532,-0.0633280622747532,-0.0790968380641537,-0.0633280622747532,"CONUT (reversed)",2313,TRUE
"sex_binary","~~","bmi","",0.239212358052916,0,NA,NA,0.239212358052916,0.239212358052916,0.239212358052916,0.0746031138869967,0.239212358052916,"CONUT (reversed)",2313,TRUE
"sex_binary","~~","comorb_count","",0.0178520660587005,0,NA,NA,0.0178520660587005,0.0178520660587005,0.0178520660587005,0.034036835954634,0.0178520660587005,"CONUT (reversed)",2313,TRUE
"edu_binary","~~","edu_binary","",0.248848170895944,0,NA,NA,0.248848170895944,0.248848170895944,0.248848170895944,1,0.248848170895944,"CONUT (reversed)",2313,TRUE
"edu_binary","~~","income_pir","",0.324626081010937,0,NA,NA,0.324626081010937,0.324626081010937,0.324626081010937,0.406354341810189,0.324626081010937,"CONUT (reversed)",2313,TRUE
"edu_binary","~~","bmi","",-0.185969750478927,0,NA,NA,-0.185969750478927,-0.185969750478927,-0.185969750478927,-0.0581265067421638,-0.185969750478927,"CONUT (reversed)",2313,TRUE
"edu_binary","~~","comorb_count","",-0.0641588764346112,0,NA,NA,-0.0641588764346112,-0.0641588764346112,-0.0641588764346112,-0.122595920454412,-0.0641588764346112,"CONUT (reversed)",2313,TRUE
"income_pir","~~","income_pir","",2.56461723112788,0,NA,NA,2.56461723112788,2.56461723112788,2.56461723112788,1,2.56461723112788,"CONUT (reversed)",2313,TRUE
"income_pir","~~","bmi","",-0.853351874749151,0,NA,NA,-0.853351874749151,-0.853351874749151,-0.853351874749151,-0.0830837348001865,-0.853351874749151,"CONUT (reversed)",2313,TRUE
"income_pir","~~","comorb_count","",-0.275560882689227,0,NA,NA,-0.275560882689227,-0.275560882689227,-0.275560882689227,-0.164018480640039,-0.275560882689227,"CONUT (reversed)",2313,TRUE
"bmi","~~","bmi","",41.1340731806112,0,NA,NA,41.1340731806112,41.1340731806112,41.1340731806112,1,41.1340731806112,"CONUT (reversed)",2313,TRUE
"bmi","~~","comorb_count","",3.17143422700207,0,NA,NA,3.17143422700207,3.17143422700207,3.17143422700207,0.471347649810314,3.17143422700207,"CONUT (reversed)",2313,TRUE
"comorb_count","~~","comorb_count","",1.10059366699134,0,NA,NA,1.10059366699134,1.10059366699134,1.10059366699134,1,1.10059366699134,"CONUT (reversed)",2313,TRUE
"cog_z_composite","~1","","",1.65152156493462,0.183766612785564,8.98705994467975,0,1.29134562231399,2.01169750755524,1.65152156493462,2.20937089668757,2.20937089668757,"CONUT (reversed)",2313,TRUE
"phq9_total","~1","","",6.72135753511209,1.22752622243176,5.47553071558577,4.36202287623644e-08,4.31545034906733,9.12726472115685,6.72135753511209,1.57362811509031,1.57362811509031,"CONUT (reversed)",2313,TRUE
"CONUT_med","~1","","",4.99524427150886,0,NA,NA,4.99524427150886,4.99524427150886,4.99524427150886,4.61577082350842,4.99524427150886,"CONUT (reversed)",2313,TRUE
"age","~1","","",69.3536532641591,0,NA,NA,69.3536532641591,69.3536532641591,69.3536532641591,10.3072038850548,69.3536532641591,"CONUT (reversed)",2313,TRUE
"sex_binary","~1","","",0.507133592736706,0,NA,NA,0.507133592736706,0.507133592736706,0.507133592736706,1.01437042958726,0.507133592736706,"CONUT (reversed)",2313,TRUE
"edu_binary","~1","","",0.533938607868569,0,NA,NA,0.533938607868569,0.533938607868569,0.533938607868569,1.07034577320205,0.533938607868569,"CONUT (reversed)",2313,TRUE
"income_pir","~1","","",2.65229139645482,0,NA,NA,2.65229139645482,2.65229139645482,2.65229139645482,1.65618923927493,2.65229139645482,"CONUT (reversed)",2313,TRUE
"bmi","~1","","",29.215261565067,0,NA,NA,29.215261565067,29.215261565067,29.215261565067,4.5552154281752,29.215261565067,"CONUT (reversed)",2313,TRUE
"comorb_count","~1","","",1.28534370946822,0,NA,NA,1.28534370946822,1.28534370946822,1.28534370946822,1.22519656827802,1.28534370946822,"CONUT (reversed)",2313,TRUE
"ab",":=","a*b","ab",0.00129578707677295,0.00128175689202573,1.01094605758277,0.312042248324439,-0.00121641026853347,0.00380798442207936,0.00129578707677295,0.00187598999153218,0.00173347676258732,"CONUT (reversed)",2313,TRUE
"total",":=","c+(a*b)","total",0.0295062314600714,0.0123862931485452,2.38216802284685,0.0172110424814362,0.00522954298696759,0.0537829199331752,0.0295062314600714,0.0427179711073975,0.0394728173358061,"CONUT (reversed)",2313,TRUE
"cog_z_composite","~","GNRI_med","c",0.0011538915397704,0.000299544601043551,3.85215268694707,0.000117083975662791,0.000566794909961624,0.00174098816957918,0.0011538915397704,0.0678245779869316,0.00154365189049388,"GNRI",2313,TRUE
"cog_z_composite","~","age","",-0.0339415093667542,0.00197175659046498,-17.2138434991867,0,-0.037806081270345,-0.0300769374631633,-0.0339415093667542,-0.305523068591591,-0.0454062390566023,"GNRI",2313,TRUE
"cog_z_composite","~","sex_binary","",0.264723902152019,0.0260172230471694,10.1749484052188,0,0.213731082001822,0.315716722302217,0.264723902152019,0.177053018327508,0.354142081756827,"GNRI",2313,TRUE
"cog_z_composite","~","edu_binary","",0.389041040617402,0.0286811422183316,13.5643496223364,0,0.332827034834001,0.445255046400804,0.389041040617402,0.259625307938021,0.520450941124201,"GNRI",2313,TRUE
"cog_z_composite","~","income_pir","",0.0848144049828054,0.00926224633879837,9.15700164737885,0,0.0666607357428226,0.102968074222788,0.0848144049828054,0.181704330380758,0.113462931376438,"GNRI",2313,TRUE
"cog_z_composite","~","bmi","",0.00792083381501445,0.0022504168032051,3.51971857112576,0.000432004922189755,0.0035100979305287,0.0123315696995002,0.00792083381501445,0.067960433387737,0.0105963252796427,"GNRI",2313,TRUE
"cog_z_composite","~","comorb_count","",-0.0667649230506066,0.0142116847358707,-4.69788939815769,2.62863702316096e-06,-0.0946193132925509,-0.0389105328086623,-0.0667649230506066,-0.093701434034732,-0.0893167131689467,"GNRI",2313,TRUE
"phq9_total","~","GNRI_med","a",-0.00748420733248263,0.00216976329511851,-3.44931972502275,0.000562000846079602,-0.0117368652458919,-0.0032315494190734,-0.00748420733248263,-0.0769889948504685,-0.00175222922096247,"GNRI",2313,TRUE
"phq9_total","~","age","",-0.0614257840559312,0.0127128293019873,-4.83179492123985,1.35307594395506e-06,-0.0863424716294317,-0.0365090964824307,-0.0614257840559312,-0.0967663351180211,-0.0143812228819735,"GNRI",2313,TRUE
"phq9_total","~","sex_binary","",0.785530671938102,0.168302388041881,4.66737686302246,3.05069467154695e-06,0.455664052863931,1.11539729101227,0.785530671938102,0.0919462570411591,0.18391123283802,"GNRI",2313,TRUE
"phq9_total","~","edu_binary","",-0.382850075115743,0.187010209110398,-2.04721483889543,0.0406369950976313,-0.749383349713427,-0.0163168005180598,-0.382850075115743,-0.0447137476566143,-0.0896342203073299,"GNRI",2313,TRUE
"phq9_total","~","income_pir","",-0.418019865691027,0.0569480621725347,-7.34037032593942,2.12940776123105e-13,-0.529636016538543,-0.306403714843511,-0.418019865691027,-0.156730423737926,-0.0978682966768712,"GNRI",2313,TRUE
"phq9_total","~","bmi","",0.0290977404554698,0.0155442363925867,1.8719311595999,0.0612161280539789,-0.00136840304117696,0.0595638839521165,0.0290977404554698,0.0436923327413722,0.00681246641428132,"GNRI",2313,TRUE
"phq9_total","~","comorb_count","",0.7341532189242,0.101031696220735,7.26656332998918,3.68816088780477e-13,0.536134733034568,0.932171704813832,0.7341532189242,0.180320590330554,0.171882560933266,"GNRI",2313,TRUE
"cog_z_composite","~","phq9_total","b",-0.015490351469534,0.00339796699018313,-4.55871158086182,5.1468396087273e-06,-0.0221502443909489,-0.00883045854811911,-0.015490351469534,-0.0885116717242799,-0.0885116717242799,"GNRI",2313,TRUE
"cog_z_composite","~~","cog_z_composite","",0.379953758671778,0.0112218469590896,33.8583978249693,0,0.357959342791942,0.401948174551614,0.379953758671778,0.679985270058347,0.679985270058347,"GNRI",2313,TRUE
"phq9_total","~~","phq9_total","",16.1362451179914,0.841158024119702,19.1833694208392,0,14.4876056854099,17.7848845505729,16.1362451179914,0.884489535922813,0.884489535922813,"GNRI",2313,TRUE
"GNRI_med","~~","GNRI_med","",1930.52514271834,0,NA,NA,1930.52514271834,1930.52514271834,1930.52514271834,1,1930.52514271834,"GNRI",2313,TRUE
"GNRI_med","~~","age","",-43.3433878196302,0,NA,NA,-43.3433878196302,-43.3433878196302,-43.3433878196302,-0.146607654814809,-43.3433878196302,"GNRI",2313,TRUE
"GNRI_med","~~","sex_binary","",-1.39954793306447,0,NA,NA,-1.39954793306447,-1.39954793306447,-1.39954793306447,-0.0637124414016234,-1.39954793306447,"GNRI",2313,TRUE
"GNRI_med","~~","edu_binary","",0.680131666183627,0,NA,NA,0.680131666183627,0.680131666183627,0.680131666183627,0.0310304474525022,0.680131666183627,"GNRI",2313,TRUE
"GNRI_med","~~","income_pir","",4.83370996517942,0,NA,NA,4.83370996517942,4.83370996517942,4.83370996517942,0.0686960204340424,4.83370996517942,"GNRI",2313,TRUE
"GNRI_med","~~","bmi","",10.4764490857124,0,NA,NA,10.4764490857124,10.4764490857124,10.4764490857124,0.0371771006710964,10.4764490857124,"GNRI",2313,TRUE
"GNRI_med","~~","comorb_count","",-3.83498417790327,0,NA,NA,-3.83498417790327,-3.83498417790327,-3.83498417790327,-0.0831978954604179,-3.83498417790327,"GNRI",2313,TRUE
"age","~~","age","",45.274842900958,0,NA,NA,45.274842900958,45.274842900958,45.274842900958,1,45.274842900958,"GNRI",2313,TRUE
"age","~~","sex_binary","",-0.0228427491822885,0,NA,NA,-0.0228427491822885,-0.0228427491822885,-0.0228427491822885,-0.00679038027268331,-0.0228427491822885,"GNRI",2313,TRUE
"age","~~","edu_binary","",-0.0552363948277161,0,NA,NA,-0.0552363948277161,-0.0552363948277161,-0.0552363948277161,-0.0164562024970628,-0.0552363948277161,"GNRI",2313,TRUE
"age","~~","income_pir","",-0.547766693601403,0,NA,NA,-0.547766693601403,-0.547766693601403,-0.547766693601403,-0.0508341853297142,-0.547766693601403,"GNRI",2313,TRUE
"age","~~","bmi","",-6.03972501522958,0,NA,NA,-6.03972501522958,-6.03972501522958,-6.03972501522958,-0.139954810879309,-6.03972501522958,"GNRI",2313,TRUE
"age","~~","comorb_count","",0.253605207805862,0,NA,NA,0.253605207805862,0.253605207805862,0.253605207805862,0.0359266056397178,0.253605207805862,"GNRI",2313,TRUE
"sex_binary","~~","sex_binary","",0.249949111854667,0,NA,NA,0.249949111854667,0.249949111854667,0.249949111854667,1,0.249949111854667,"GNRI",2313,TRUE
"sex_binary","~~","edu_binary","",-0.000566358421889901,0,NA,NA,-0.000566358421889901,-0.000566358421889901,-0.000566358421889901,-0.00227090171114767,-0.000566358421889901,"GNRI",2313,TRUE
"sex_binary","~~","income_pir","",-0.0633280622747532,0,NA,NA,-0.0633280622747532,-0.0633280622747532,-0.0633280622747532,-0.0790968380641537,-0.0633280622747532,"GNRI",2313,TRUE
"sex_binary","~~","bmi","",0.239212358052916,0,NA,NA,0.239212358052916,0.239212358052916,0.239212358052916,0.0746031138869967,0.239212358052916,"GNRI",2313,TRUE
"sex_binary","~~","comorb_count","",0.0178520660587005,0,NA,NA,0.0178520660587005,0.0178520660587005,0.0178520660587005,0.034036835954634,0.0178520660587005,"GNRI",2313,TRUE
"edu_binary","~~","edu_binary","",0.248848170895944,0,NA,NA,0.248848170895944,0.248848170895944,0.248848170895944,1,0.248848170895944,"GNRI",2313,TRUE
"edu_binary","~~","income_pir","",0.324626081010937,0,NA,NA,0.324626081010937,0.324626081010937,0.324626081010937,0.406354341810189,0.324626081010937,"GNRI",2313,TRUE
"edu_binary","~~","bmi","",-0.185969750478927,0,NA,NA,-0.185969750478927,-0.185969750478927,-0.185969750478927,-0.0581265067421638,-0.185969750478927,"GNRI",2313,TRUE
"edu_binary","~~","comorb_count","",-0.0641588764346112,0,NA,NA,-0.0641588764346112,-0.0641588764346112,-0.0641588764346112,-0.122595920454412,-0.0641588764346112,"GNRI",2313,TRUE
"income_pir","~~","income_pir","",2.56461723112788,0,NA,NA,2.56461723112788,2.56461723112788,2.56461723112788,1,2.56461723112788,"GNRI",2313,TRUE
"income_pir","~~","bmi","",-0.853351874749151,0,NA,NA,-0.853351874749151,-0.853351874749151,-0.853351874749151,-0.0830837348001865,-0.853351874749151,"GNRI",2313,TRUE
"income_pir","~~","comorb_count","",-0.275560882689227,0,NA,NA,-0.275560882689227,-0.275560882689227,-0.275560882689227,-0.164018480640039,-0.275560882689227,"GNRI",2313,TRUE
"bmi","~~","bmi","",41.1340731806112,0,NA,NA,41.1340731806112,41.1340731806112,41.1340731806112,1,41.1340731806112,"GNRI",2313,TRUE
"bmi","~~","comorb_count","",3.17143422700207,0,NA,NA,3.17143422700207,3.17143422700207,3.17143422700207,0.471347649810314,3.17143422700207,"GNRI",2313,TRUE
"comorb_count","~~","comorb_count","",1.10059366699134,0,NA,NA,1.10059366699134,1.10059366699134,1.10059366699134,1,1.10059366699134,"GNRI",2313,TRUE
"cog_z_composite","~1","","",1.008503715162,0.271820281847508,3.71018567233984,0.000207107297119258,0.475745752473359,1.54126167785064,1.008503715162,1.34915510931789,1.34915510931789,"GNRI",2313,TRUE
"phq9_total","~1","","",11.6005742336518,1.92559545283747,6.02440882198683,1.69728853194329e-09,7.82647649729625,15.3746719700073,11.6005742336518,2.715967670207,2.715967670207,"GNRI",2313,TRUE
"GNRI_med","~1","","",679.256256534214,0,NA,NA,679.256256534214,679.256256534214,679.256256534214,15.4595168248723,679.256256534214,"GNRI",2313,TRUE
"age","~1","","",69.3536532641591,0,NA,NA,69.3536532641591,69.3536532641591,69.3536532641591,10.3072038850548,69.3536532641591,"GNRI",2313,TRUE
"sex_binary","~1","","",0.507133592736706,0,NA,NA,0.507133592736706,0.507133592736706,0.507133592736706,1.01437042958726,0.507133592736706,"GNRI",2313,TRUE
"edu_binary","~1","","",0.533938607868569,0,NA,NA,0.533938607868569,0.533938607868569,0.533938607868569,1.07034577320205,0.533938607868569,"GNRI",2313,TRUE
"income_pir","~1","","",2.65229139645482,0,NA,NA,2.65229139645482,2.65229139645482,2.65229139645482,1.65618923927493,2.65229139645482,"GNRI",2313,TRUE
"bmi","~1","","",29.215261565067,0,NA,NA,29.215261565067,29.215261565067,29.215261565067,4.5552154281752,29.215261565067,"GNRI",2313,TRUE
"comorb_count","~1","","",1.28534370946822,0,NA,NA,1.28534370946822,1.28534370946822,1.28534370946822,1.22519656827802,1.28534370946822,"GNRI",2313,TRUE
"ab",":=","a*b","ab",0.000115933002051019,4.16853112163022e-05,2.78114757136995,0.00541671082749895,3.42312933827237e-05,0.000197634710719315,0.000115933002051019,0.00681442463858695,0.000155092737591521,"GNRI",2313,TRUE
"total",":=","c+(a*b)","total",0.00126982454182142,0.000299157699111672,4.24466609280683,2.18919163941234e-05,0.000683486225864675,0.00185616285777817,0.00126982454182142,0.0746390026255185,0.0016987446280854,"GNRI",2313,TRUE
